Date,Adj Close,Close,High,Low,Open,Volume
,HCLTECH.NS,HCLTECH.NS,HCLTECH.NS,HCLTECH.NS,HCLTECH.NS,HCLTECH.NS
2024-04-02,1422.0706787109375,1528.300048828125,1565.0,1525.0999755859375,1559.0,2031775
2024-04-03,1429.095947265625,1535.8499755859375,1558.449951171875,1518.0,1525.3499755859375,3343884
2024-04-04,1432.6318359375,1539.6500244140625,1552.5,1518.699951171875,1540.800048828125,3388449
2024-04-05,1437.8424072265625,1545.25,1547.699951171875,1523.800048828125,1542.449951171875,2773570
2024-04-08,1433.0037841796875,1540.050048828125,1554.0,1537.6500244140625,1554.0,1820136
2024-04-09,1433.422607421875,1540.5,1561.800048828125,1534.550048828125,1540.0,2432095
2024-04-10,1432.16650390625,1539.1500244140625,1552.1500244140625,1536.199951171875,1541.050048828125,1829986
2024-04-12,1415.7431640625,1521.5,1542.949951171875,1516.199951171875,1537.0,4319991
2024-04-15,1400.436767578125,1505.050048828125,1530.5,1494.0,1507.0999755859375,3295684
2024-04-16,1374.61572265625,1477.300048828125,1501.5999755859375,1467.300048828125,1486.3499755859375,2446933
2024-04-18,1364.8919677734375,1466.8499755859375,1480.9000244140625,1452.0999755859375,1477.050048828125,5180223
2024-04-19,1346.8870849609375,1447.5,1455.5,1435.0,1442.0,5219506
2024-04-22,1364.0079345703125,1465.9000244140625,1473.300048828125,1450.5,1452.199951171875,1939632
2024-04-23,1383.3155517578125,1486.6500244140625,1501.449951171875,1471.0999755859375,1474.9000244140625,2783858
2024-04-24,1376.429931640625,1479.25,1496.949951171875,1476.300048828125,1490.0,1321471
2024-04-25,1399.5992431640625,1504.1500244140625,1515.050048828125,1479.949951171875,1479.949951171875,4558032
2024-04-26,1371.4053955078125,1473.8499755859375,1531.449951171875,1464.949951171875,1516.8499755859375,4328477
2024-04-29,1290.96435546875,1387.4000244140625,1436.0,1381.0,1415.0,11493223
2024-04-30,1271.610107421875,1366.5999755859375,1397.9000244140625,1362.449951171875,1376.4000244140625,7606726
2024-05-02,1266.1201171875,1360.699951171875,1377.9000244140625,1358.0,1358.0,6555505
2024-05-03,1254.3494873046875,1348.050048828125,1370.0,1333.550048828125,1370.0,5964228
2024-05-06,1264.352294921875,1358.800048828125,1365.0,1348.5,1358.0,2504082
2024-05-07,1255.063720703125,1330.949951171875,1348.9000244140625,1326.1500244140625,1347.949951171875,5096525
2024-05-08,1238.7503662109375,1313.6500244140625,1334.0,1307.300048828125,1330.949951171875,6832455
2024-05-09,1244.7855224609375,1320.050048828125,1339.0,1314.5,1315.0,5653762
2024-05-10,1241.1549072265625,1316.199951171875,1322.9000244140625,1303.5999755859375,1320.0999755859375,3357203
2024-05-13,1238.04296875,1312.9000244140625,1321.9000244140625,1301.6500244140625,1316.199951171875,2316566
2024-05-14,1245.7283935546875,1321.050048828125,1326.949951171875,1308.699951171875,1322.0,3200462
2024-05-15,1256.902587890625,1332.9000244140625,1340.300048828125,1318.25,1319.25,2975965
2024-05-16,1271.2833251953125,1348.1500244140625,1357.800048828125,1328.5,1345.0,5055915
2024-05-17,1257.185546875,1333.199951171875,1351.0,1330.199951171875,1351.0,2487831
2024-05-21,1265.3896484375,1341.9000244140625,1349.8499755859375,1314.0,1314.0,4966721
2024-05-22,1266.473876953125,1343.050048828125,1352.9000244140625,1340.0,1348.949951171875,2390777
2024-05-23,1276.375244140625,1353.550048828125,1358.449951171875,1338.0,1346.6500244140625,3326149
2024-05-24,1268.5013427734375,1345.199951171875,1360.0,1340.8499755859375,1360.0,1769966
2024-05-27,1276.1395263671875,1353.300048828125,1359.5999755859375,1338.0,1351.0,1942325
2024-05-28,1280.94873046875,1358.4000244140625,1363.300048828125,1345.5999755859375,1357.8499755859375,2147233
2024-05-29,1275.9510498046875,1353.0999755859375,1366.5999755859375,1346.949951171875,1366.0,3845920
2024-05-30,1255.9124755859375,1331.8499755859375,1351.550048828125,1325.0999755859375,1346.0,4150461
2024-05-31,1248.6044921875,1324.0999755859375,1340.9000244140625,1315.75,1331.8499755859375,10319045
2024-06-03,1239.504638671875,1314.449951171875,1354.75,1309.8499755859375,1350.550048828125,5384064
2024-06-04,1229.2261962890625,1303.550048828125,1325.0,1235.0,1325.0,5447244
2024-06-05,1267.0869140625,1343.699951171875,1356.9000244140625,1316.0999755859375,1320.0,3005139
2024-06-06,1317.8193359375,1397.5,1399.800048828125,1350.9000244140625,1354.0,5936709
2024-06-07,1349.8809814453125,1431.5,1438.6500244140625,1398.0,1407.0,5884025
2024-06-10,1337.8577880859375,1418.75,1442.0,1397.5,1440.0,3293739
2024-06-11,1347.334716796875,1428.800048828125,1437.949951171875,1415.4000244140625,1425.0,2269082
2024-06-12,1356.7174072265625,1438.75,1472.0,1434.5,1472.0,5990861
2024-06-13,1361.8095703125,1444.1500244140625,1457.699951171875,1437.0999755859375,1447.75,4232861
2024-06-14,1349.45654296875,1431.050048828125,1446.0,1424.4000244140625,1444.1500244140625,3065114
2024-06-18,1355.255615234375,1437.199951171875,1439.75,1427.050048828125,1431.050048828125,2223029
2024-06-19,1363.41259765625,1445.8499755859375,1451.9000244140625,1430.300048828125,1440.050048828125,3117522
2024-06-20,1361.1494140625,1443.449951171875,1448.949951171875,1429.550048828125,1448.949951171875,3163919
2024-06-21,1365.2984619140625,1447.8499755859375,1481.949951171875,1439.199951171875,1462.0,6489262
2024-06-24,1358.69775390625,1440.8499755859375,1443.949951171875,1426.5999755859375,1437.8499755859375,1988692
2024-06-25,1365.392822265625,1447.949951171875,1450.0999755859375,1426.449951171875,1440.949951171875,2079037
2024-06-26,1361.3851318359375,1443.699951171875,1453.300048828125,1438.199951171875,1447.949951171875,1917424
2024-06-27,1371.9466552734375,1454.9000244140625,1460.550048828125,1423.5,1435.0,6613193
2024-06-28,1376.37841796875,1459.5999755859375,1468.699951171875,1442.0,1468.0,4943575
2024-07-01,1385.1014404296875,1468.8499755859375,1478.5999755859375,1455.0,1465.0,3723295
2024-07-02,1396.3699951171875,1480.800048828125,1492.449951171875,1473.0,1475.0,3811366
2024-07-03,1396.5584716796875,1481.0,1489.0,1471.199951171875,1489.0,2070876
2024-07-04,1435.5509033203125,1522.3499755859375,1534.550048828125,1485.0,1485.0,6822557
2024-07-05,1432.7691650390625,1519.4000244140625,1529.25,1505.550048828125,1523.0,3061687
2024-07-08,1445.9708251953125,1533.4000244140625,1540.0,1506.199951171875,1528.0,2939620
2024-07-09,1443.802001953125,1531.0999755859375,1546.300048828125,1525.0,1533.4000244140625,2658608
2024-07-10,1423.857666015625,1509.949951171875,1532.5999755859375,1487.8499755859375,1531.0999755859375,3507096
2024-07-11,1425.6966552734375,1511.9000244140625,1534.0,1508.050048828125,1515.0,3304053
2024-07-12,1471.2427978515625,1560.199951171875,1566.0,1510.5,1530.0,6430647
2024-07-15,1480.1068115234375,1569.5999755859375,1636.4000244140625,1567.4000244140625,1580.0,10337489
2024-07-16,1480.059814453125,1569.550048828125,1583.0,1555.0,1565.0,3540650
2024-07-18,1503.63427734375,1594.550048828125,1599.25,1557.0,1558.050048828125,4399468
2024-07-19,1503.63427734375,1594.550048828125,1616.449951171875,1588.5999755859375,1610.5,5633838
2024-07-22,1487.17919921875,1577.0999755859375,1594.5,1570.9000244140625,1588.5999755859375,2704495
2024-07-23,1518.7738037109375,1598.3499755859375,1600.800048828125,1551.0999755859375,1574.0,2907674
2024-07-24,1504.85302734375,1583.699951171875,1598.0,1576.8499755859375,1594.0,2484299
2024-07-25,1508.55908203125,1587.5999755859375,1594.0,1562.8499755859375,1570.0,2934731
2024-07-26,1553.9317626953125,1635.3499755859375,1640.0,1594.0,1602.800048828125,2814159
2024-07-29,1551.0810546875,1632.3499755859375,1645.0,1620.0,1640.199951171875,1639491
2024-07-30,1549.0855712890625,1630.25,1633.0,1618.0,1629.0,1783877
2024-07-31,1560.8206787109375,1642.5999755859375,1645.0,1619.199951171875,1621.0,1984986
2024-08-01,1558.872802734375,1640.550048828125,1655.5,1636.0999755859375,1640.050048828125,1785188
2024-08-02,1529.1785888671875,1609.300048828125,1639.0,1601.1500244140625,1620.050048828125,1692851
2024-08-05,1484.613525390625,1562.4000244140625,1595.699951171875,1537.0,1575.0,3279717
2024-08-06,1503.950439453125,1582.75,1605.0,1563.0,1563.0,2138704
2024-08-07,1515.21044921875,1594.5999755859375,1615.0,1590.0,1605.0,1897787
2024-08-08,1480.2899169921875,1557.8499755859375,1602.0,1554.550048828125,1597.0,2373805
2024-08-09,1510.7919921875,1589.949951171875,1602.0,1575.8499755859375,1584.9000244140625,2021762
2024-08-12,1506.3260498046875,1585.25,1600.5,1573.8499755859375,1590.0,1273739
2024-08-13,1513.357666015625,1592.6500244140625,1608.4000244140625,1577.6500244140625,1578.0,1973825
2024-08-14,1545.189697265625,1626.1500244140625,1629.75,1598.25,1600.0999755859375,3932148
2024-08-16,1585.1937255859375,1668.25,1674.0,1632.699951171875,1635.0,3101056
2024-08-19,1594.9334716796875,1678.5,1685.0,1659.050048828125,1665.0,1631947
2024-08-20,1602.772705078125,1686.75,1695.050048828125,1669.199951171875,1680.0,2786109
2024-08-21,1593.7457275390625,1677.25,1688.8499755859375,1673.75,1686.0,1410370
2024-08-22,1592.700439453125,1676.1500244140625,1687.0,1673.0,1687.0,1749127
2024-08-23,1578.732421875,1661.449951171875,1685.949951171875,1657.1500244140625,1676.050048828125,2158185
2024-08-26,1633.8446044921875,1719.449951171875,1734.0,1667.0999755859375,1671.0,2672708
2024-08-27,1626.3856201171875,1711.5999755859375,1756.8499755859375,1705.0999755859375,1725.8499755859375,3556487
2024-08-28,1633.8446044921875,1719.449951171875,1737.75,1693.050048828125,1712.550048828125,2516461
2024-08-29,1664.631591796875,1751.8499755859375,1756.0,1697.25,1714.0,5112407
2024-08-30,1665.9619140625,1753.25,1766.300048828125,1742.199951171875,1751.8499755859375,4792561
2024-09-02,1716.7034912109375,1806.6500244140625,1812.0,1760.0,1764.199951171875,4445349
2024-09-03,1701.3096923828125,1790.449951171875,1817.1500244140625,1787.050048828125,1806.0,2553290
2024-09-04,1696.3687744140625,1785.25,1795.6500244140625,1765.0,1765.0999755859375,2644961
2024-09-05,1701.4049072265625,1790.550048828125,1797.699951171875,1767.300048828125,1792.0,2878565
2024-09-06,1668.6697998046875,1756.0999755859375,1795.75,1740.050048828125,1788.0,3351716
2024-09-09,1659.7855224609375,1746.75,1766.300048828125,1741.1500244140625,1758.3499755859375,1418238
2024-09-10,1690.52490234375,1779.0999755859375,1789.300048828125,1747.1500244140625,1749.449951171875,2307528
2024-09-11,1690.1923828125,1778.75,1796.8499755859375,1773.699951171875,1778.199951171875,2303930
2024-09-12,1717.6058349609375,1807.5999755859375,1814.199951171875,1777.0999755859375,1800.0,3349489
2024-09-13,1722.547119140625,1812.800048828125,1820.0,1795.6500244140625,1805.0,1599349
2024-09-16,1721.6444091796875,1811.8499755859375,1824.25,1808.199951171875,1819.0,836199
2024-09-17,1723.44970703125,1813.75,1828.0,1807.199951171875,1811.949951171875,830317
2024-09-18,1669.0501708984375,1756.5,1808.0999755859375,1740.0999755859375,1808.0999755859375,2629136
2024-09-19,1650.0457763671875,1736.5,1776.0,1721.5,1776.0,4167373
2024-09-20,1672.42333984375,1760.050048828125,1766.0999755859375,1721.4000244140625,1748.0,4644317
2024-09-23,1665.5343017578125,1752.800048828125,1764.0,1732.5,1764.0,1541597
2024-09-24,1687.1990966796875,1775.5999755859375,1783.5,1738.3499755859375,1750.0,1907389
2024-09-25,1693.6605224609375,1782.4000244140625,1784.050048828125,1755.0,1778.800048828125,2240579
2024-09-26,1695.0384521484375,1783.8499755859375,1808.4000244140625,1778.9000244140625,1782.25,4303250
2024-09-27,1718.3662109375,1808.4000244140625,1828.550048828125,1796.550048828125,1810.0,4099016
2024-09-30,1706.6783447265625,1796.0999755859375,1820.699951171875,1789.1500244140625,1808.0,2117894
2024-10-01,1726.062744140625,1816.5,1822.449951171875,1790.0,1790.0,1642542
2024-10-03,1690.002197265625,1778.550048828125,1809.300048828125,1770.0,1778.0,3552386
2024-10-04,1688.1492919921875,1776.5999755859375,1807.9000244140625,1767.25,1778.0,2982759
2024-10-07,1688.4820556640625,1776.949951171875,1804.199951171875,1767.9000244140625,1784.949951171875,3419048
2024-10-08,1700.359619140625,1789.449951171875,1794.0,1743.0,1774.0,2353030
2024-10-09,1719.601318359375,1809.699951171875,1825.0,1790.1500244140625,1793.050048828125,2499596
2024-10-10,1718.6036376953125,1808.6500244140625,1839.949951171875,1797.0,1820.0,3753869
2024-10-11,1748.060302734375,1839.6500244140625,1852.800048828125,1800.6500244140625,1804.0,2977110
2024-10-14,1763.5013427734375,1855.9000244140625,1865.5,1832.4000244140625,1846.050048828125,1751092
2024-10-15,1776.994140625,1870.0999755859375,1882.75,1829.949951171875,1830.0,5696544
2024-10-16,1772.3858642578125,1865.25,1885.0,1854.050048828125,1869.0,2144442
2024-10-17,1774.808837890625,1867.800048828125,1877.050048828125,1851.449951171875,1869.9000244140625,2399099
2024-10-18,1765.211669921875,1857.699951171875,1873.9000244140625,1843.0,1867.0,2366406
2024-10-21,1751.8135986328125,1843.5999755859375,1888.5,1840.0,1875.300048828125,1284980
2024-10-22,1743.34912109375,1822.75,1852.0,1819.5,1829.800048828125,2089660
2024-10-23,1765.3472900390625,1845.75,1865.0,1793.5,1793.5,2522186
2024-10-24,1764.534423828125,1844.9000244140625,1862.949951171875,1837.699951171875,1845.0,1621637
2024-10-25,1771.6597900390625,1852.3499755859375,1871.550048828125,1840.199951171875,1860.0,4078295
2024-10-28,1790.2147216796875,1871.75,1876.800048828125,1845.0999755859375,1845.0999755859375,2418907
2024-10-29,1790.2147216796875,1871.75,1875.9000244140625,1851.199951171875,1871.75,1719955
2024-10-30,1758.7001953125,1838.800048828125,1869.449951171875,1835.300048828125,1861.0,1732047
2024-10-31,1689.1192626953125,1766.050048828125,1843.9000244140625,1756.550048828125,1840.0,3616088
2024-11-01,1680.8458251953125,1757.4000244140625,1781.300048828125,1751.0,1777.0,242223
2024-11-04,1686.154052734375,1762.949951171875,1782.0999755859375,1745.0,1763.0,2843690
2024-11-05,1696.2926025390625,1773.550048828125,1783.3499755859375,1761.5,1769.0,1818350
2024-11-06,1758.3175048828125,1838.4000244140625,1853.0,1783.0,1791.0999755859375,3477029
2024-11-07,1752.1484375,1831.949951171875,1862.550048828125,1814.199951171875,1850.050048828125,2173869
2024-11-08,1757.4566650390625,1837.5,1854.1500244140625,1828.050048828125,1838.949951171875,1521324
2024-11-11,1785.9586181640625,1867.300048828125,1874.0,1834.0,1846.699951171875,1679869
2024-11-12,1791.2666015625,1872.8499755859375,1892.949951171875,1864.449951171875,1891.0,2711052
2024-11-13,1783.5196533203125,1864.75,1879.5999755859375,1859.0999755859375,1866.0,1254074
2024-11-14,1777.97216796875,1858.949951171875,1897.0,1846.3499755859375,1872.0,2462563
2024-11-18,1755.0655517578125,1835.0,1865.050048828125,1815.0,1858.949951171875,2483933
2024-11-19,1741.2451171875,1820.550048828125,1865.0,1817.300048828125,1837.0,2354204
2024-11-21,1756.356689453125,1836.3499755859375,1839.550048828125,1820.199951171875,1835.0,1841245
2024-11-22,1815.7037353515625,1898.4000244140625,1902.0,1836.5,1846.3499755859375,2765950
2024-11-25,1809.2957763671875,1891.699951171875,1919.949951171875,1878.5,1919.0,6531524
2024-11-26,1816.8037109375,1899.550048828125,1914.949951171875,1889.1500244140625,1890.0999755859375,2079873
2024-11-27,1808.674072265625,1891.050048828125,1917.0,1887.0999755859375,1896.75,1631975
2024-11-28,1760.7086181640625,1840.9000244140625,1900.5,1835.0,1885.0999755859375,3631255
2024-11-29,1767.54736328125,1848.050048828125,1872.300048828125,1833.949951171875,1842.0,2482280
2024-12-02,1789.9757080078125,1871.5,1878.550048828125,1835.449951171875,1848.050048828125,2014744
2024-12-03,1808.3870849609375,1890.75,1896.300048828125,1872.050048828125,1884.0,2954648
2024-12-04,1814.9864501953125,1897.6500244140625,1911.0,1877.5999755859375,1882.0,3730643
2024-12-05,1840.188720703125,1924.0,1938.0999755859375,1884.0,1885.0,3881814
2024-12-06,1838.9453125,1922.699951171875,1939.3499755859375,1915.300048828125,1926.0,2250408
2024-12-09,1826.702880859375,1909.9000244140625,1926.050048828125,1901.0,1915.0,1379520
2024-12-10,1852.0006103515625,1936.3499755859375,1942.800048828125,1912.199951171875,1916.449951171875,2695207
2024-12-11,1846.7879638671875,1930.9000244140625,1934.800048828125,1916.0,1926.25,1387117
2024-12-12,1851.8572998046875,1936.199951171875,1949.0,1921.5,1924.949951171875,2306173
2024-12-13,1883.0369873046875,1968.800048828125,1975.0,1912.3499755859375,1939.0,2569918
2024-12-16,1869.2645263671875,1954.4000244140625,1980.0,1950.25,1970.8499755859375,1371189
2024-12-17,1865.6298828125,1950.5999755859375,1963.199951171875,1938.0,1945.300048828125,1987909
2024-12-18,1874.955078125,1960.3499755859375,1971.949951171875,1946.75,1949.0,3460812
2024-12-19,1849.9923095703125,1934.25,1946.199951171875,1910.0,1910.0,1916115
2024-12-20,1828.089599609375,1911.3499755859375,1957.6500244140625,1896.4000244140625,1954.5999755859375,3786921
2024-12-23,1820.103515625,1903.0,1939.4000244140625,1899.1500244140625,1918.5,2058339
2024-12-24,1814.31689453125,1896.949951171875,1923.6500244140625,1889.25,1908.5999755859375,1310301
2024-12-26,1817.9515380859375,1900.75,1908.9000244140625,1886.300048828125,1905.5999755859375,1065107
2024-12-27,1809.58251953125,1892.0,1902.9000244140625,1882.699951171875,1900.0,1328546
2024-12-30,1844.9229736328125,1928.949951171875,1968.949951171875,1865.6500244140625,1888.0,6262203
2024-12-31,1833.876220703125,1917.4000244140625,1927.800048828125,1878.550048828125,1915.199951171875,1968650
2025-01-01,1828.6634521484375,1911.949951171875,1936.949951171875,1907.9000244140625,1917.4000244140625,880695
2025-01-02,1886.2890625,1972.199951171875,1976.300048828125,1910.050048828125,1911.949951171875,3487645
2025-01-03,1861.85205078125,1946.6500244140625,1992.0999755859375,1941.0,1980.0,2853344
2025-01-06,1867.97314453125,1953.050048828125,1973.4000244140625,1930.0,1951.25,1789037
2025-01-07,1832.4415283203125,1915.9000244140625,1981.0,1908.9000244140625,1960.0,2494547
2025-01-08,1848.079345703125,1932.25,1938.5,1894.550048828125,1906.300048828125,2372138
2025-01-09,1850.51806640625,1934.800048828125,1944.449951171875,1920.0,1926.800048828125,2742139
2025-01-10,1908.1915283203125,1995.0999755859375,2002.3499755859375,1935.25,1936.0,4802079
2025-01-13,1902.7398681640625,1989.4000244140625,2012.199951171875,1965.4000244140625,1994.9000244140625,5694121
2025-01-14,1734.550048828125,1813.550048828125,1939.0,1797.75,1936.0999755859375,15819311
2025-01-15,1746.17041015625,1825.699951171875,1843.550048828125,1812.550048828125,1836.0,3350594
2025-01-16,1714.177734375,1792.25,1837.949951171875,1785.300048828125,1833.0,5362008
2025-01-17,1728.3319091796875,1788.9000244140625,1793.0999755859375,1750.050048828125,1773.0,2424374
2025-01-20,1735.384521484375,1796.199951171875,1799.0,1762.5999755859375,1790.0999755859375,3401004
2025-01-21,1741.374755859375,1802.4000244140625,1820.75,1791.4000244140625,1791.4000244140625,4005357
2025-01-22,1765.818115234375,1827.699951171875,1831.449951171875,1804.050048828125,1808.199951171875,3009261
2025-01-23,1745.8189697265625,1807.0,1828.949951171875,1804.199951171875,1817.050048828125,3750930
2025-01-24,1732.1480712890625,1792.8499755859375,1829.4000244140625,1791.0999755859375,1800.0,3171259
2025-01-27,1653.987060546875,1711.949951171875,1779.75,1707.300048828125,1775.0,4174844
2025-01-28,1635.9202880859375,1693.25,1730.5,1691.0,1711.949951171875,5079829
2025-01-29,1660.798583984375,1719.0,1724.0999755859375,1696.0,1696.0,3733620
2025-01-30,1655.09814453125,1713.0999755859375,1732.949951171875,1697.8499755859375,1722.0,2543744
2025-01-31,1667.0301513671875,1725.449951171875,1738.199951171875,1709.050048828125,1709.050048828125,2033832
2025-02-01,1636.64501953125,1694.0,1731.949951171875,1688.0,1726.0,569018
2025-02-03,1634.712646484375,1692.0,1700.5999755859375,1661.5,1665.0,2659929
2025-02-04,1673.889892578125,1732.550048828125,1735.9000244140625,1692.050048828125,1695.0999755859375,3647768
2025-02-05,1654.856689453125,1712.8499755859375,1746.800048828125,1710.0,1730.0,2681942
2025-02-06,1665.146240234375,1723.5,1728.449951171875,1712.8499755859375,1723.8499755859375,2057798
2025-02-07,1667.223388671875,1725.6500244140625,1731.0,1700.6500244140625,1723.1500244140625,2428098
2025-02-10,1675.1456298828125,1733.8499755859375,1740.0,1712.0999755859375,1723.949951171875,1823071
2025-02-11,1664.856201171875,1723.199951171875,1749.0,1715.0,1742.800048828125,1702553
2025-02-12,1659.1561279296875,1717.300048828125,1742.4000244140625,1699.1500244140625,1723.9000244140625,2214307
2025-02-13,1645.436767578125,1703.0999755859375,1729.949951171875,1700.25,1712.0,1838463
2025-02-14,1653.310791015625,1711.25,1723.4000244140625,1699.949951171875,1711.0,1460459
2025-02-17,1652.006591796875,1709.9000244140625,1720.1500244140625,1694.0999755859375,1711.25,1127023
2025-02-18,1667.078369140625,1725.5,1728.5,1701.25,1706.0,1511900
2025-02-19,1654.325439453125,1712.300048828125,1731.5999755859375,1703.449951171875,1723.199951171875,1294110
2025-02-20,1630.4134521484375,1687.550048828125,1714.550048828125,1683.550048828125,1705.199951171875,1681532
2025-02-21,1643.1180419921875,1700.699951171875,1704.1500244140625,1685.1500244140625,1690.0,1222563
2025-02-24,1588.3861083984375,1644.050048828125,1690.0,1637.5999755859375,1685.0,4455420
2025-02-25,1580.705322265625,1636.0999755859375,1651.949951171875,1631.25,1636.0,1951519
2025-02-27,1574.0389404296875,1629.199951171875,1660.0,1615.199951171875,1620.0,2266866
2025-02-28,1521.7222900390625,1575.050048828125,1614.949951171875,1562.449951171875,1612.0,4910121
2025-03-03,1519.162109375,1572.4000244140625,1603.4000244140625,1568.449951171875,1575.050048828125,1784684
2025-03-04,1483.51123046875,1535.5,1560.0,1523.0,1560.0,3246644
2025-03-05,1519.6934814453125,1572.949951171875,1581.4000244140625,1531.050048828125,1532.0,3112003
2025-03-06,1531.7701416015625,1585.449951171875,1594.699951171875,1575.1500244140625,1580.0,2011489
2025-03-07,1505.2012939453125,1557.949951171875,1587.0,1555.5999755859375,1582.6500244140625,2091986
2025-03-10,1496.84423828125,1549.300048828125,1572.449951171875,1547.0,1557.0,1855766
2025-03-11,1514.7659912109375,1567.8499755859375,1573.949951171875,1522.5999755859375,1529.949951171875,1846190
2025-03-12,1488.438720703125,1540.5999755859375,1565.0,1507.0999755859375,1556.0,3113860
2025-03-13,1482.786865234375,1534.75,1547.949951171875,1529.1500244140625,1540.5999755859375,1983351
2025-03-17,1492.834716796875,1545.1500244140625,1547.550048828125,1519.050048828125,1528.0,2029100
2025-03-18,1492.834716796875,1545.1500244140625,1545.1500244140625,1545.1500244140625,1545.1500244140625,0
2025-03-19,1492.158447265625,1544.449951171875,1561.3499755859375,1525.0999755859375,1558.5,4522829
2025-03-20,1509.1141357421875,1562.0,1582.0999755859375,1547.050048828125,1547.8499755859375,4608677
2025-03-21,1513.6549072265625,1566.699951171875,1592.050048828125,1521.5,1535.0999755859375,8109210
2025-03-24,1549.837158203125,1604.1500244140625,1610.9000244140625,1560.0,1591.0,2487843
2025-03-25,1569.884521484375,1624.9000244140625,1658.949951171875,1618.949951171875,1622.0,4906013
2025-03-26,1578.0968017578125,1633.4000244140625,1644.949951171875,1622.0,1624.9000244140625,3096513
2025-03-27,1574.956787109375,1630.1500244140625,1645.0,1613.550048828125,1625.6500244140625,3383080
2025-03-28,1538.5814208984375,1592.5,1625.550048828125,1581.5999755859375,1616.0999755859375,2211077
2025-04-01,1478.5357666015625,1530.3499755859375,1585.0,1526.0999755859375,1577.0,4126827
2025-04-02,1475.83056640625,1527.550048828125,1538.550048828125,1506.4000244140625,1515.0,3167863
2025-04-03,1420.3255615234375,1470.0999755859375,1500.0,1465.0,1500.0,3966161
2025-04-04,1373.9508056640625,1422.0999755859375,1456.199951171875,1419.0999755859375,1449.0,4421312
2025-04-07,1327.5760498046875,1374.0999755859375,1383.75,1302.75,1345.0,6484139
2025-04-08,1355.8355712890625,1403.3499755859375,1424.25,1372.0,1380.0,3938359
2025-04-09,1333.2763671875,1380.0,1388.699951171875,1357.050048828125,1380.6500244140625,3306801
2025-04-11,1343.4691162109375,1390.550048828125,1425.0,1360.0,1360.0,4859622
2025-04-15,1378.2017822265625,1426.5,1428.800048828125,1406.0,1420.0,3265147
2025-04-16,1383.225830078125,1431.699951171875,1436.0999755859375,1405.5,1415.0,2553111
2025-04-17,1389.3125,1438.0,1442.0999755859375,1384.0,1420.0,3549969
2025-04-21,1431.82275390625,1482.0,1499.0,1430.0,1435.0,2840104
2025-04-22,1429.7939453125,1479.9000244140625,1499.9000244140625,1464.5,1490.0,2608145
2025-04-23,1540.03076171875,1594.0,1600.0,1543.699951171875,1555.0,13293318
2025-04-24,1532.9779052734375,1586.699951171875,1603.300048828125,1576.0999755859375,1595.0,3193118
2025-04-25,1524.765625,1578.199951171875,1618.0,1568.0999755859375,1590.0,3800415
2025-04-28,1514.11328125,1549.300048828125,1569.4000244140625,1537.0999755859375,1565.0,2618810
2025-04-29,1533.36572265625,1569.0,1580.800048828125,1548.0999755859375,1555.0,2231069
2025-04-30,1531.89990234375,1567.5,1587.9000244140625,1554.0,1571.0,3682256
2025-05-02,1536.6885986328125,1572.4000244140625,1581.0,1557.0999755859375,1567.0,1370848
2025-05-05,1532.974853515625,1568.5999755859375,1597.699951171875,1563.300048828125,1580.0,1012225
2025-05-06,1543.2364501953125,1579.0999755859375,1583.800048828125,1565.0999755859375,1576.800048828125,2055057
2025-05-07,1527.7952880859375,1563.300048828125,1578.4000244140625,1545.0,1552.0,5469936
2025-05-08,1544.7999267578125,1580.699951171875,1598.0,1555.800048828125,1561.9000244140625,2789018
2025-05-09,1533.7567138671875,1569.4000244140625,1577.699951171875,1557.300048828125,1566.0,2035161
2025-05-12,1632.3651123046875,1670.300048828125,1675.0,1594.0,1598.800048828125,4028207
2025-05-13,1582.816650390625,1619.5999755859375,1688.0999755859375,1615.199951171875,1685.0,3118470
2025-05-14,1600.5054931640625,1637.699951171875,1642.300048828125,1617.0,1630.0,1569126
2025-05-15,1657.4815673828125,1696.0,1702.5999755859375,1625.0,1650.0,4961582
2025-05-16,1622.2012939453125,1659.9000244140625,1693.5,1658.0,1691.9000244140625,2586263
2025-05-19,1612.13525390625,1649.5999755859375,1664.0,1638.0999755859375,1661.0,1642018
2025-05-20,1601.0919189453125,1638.300048828125,1666.0,1636.4000244140625,1660.800048828125,2421580
2025-05-21,1614.480712890625,1652.0,1657.5,1628.4000244140625,1645.0,1420835
2025-05-22,1595.9122314453125,1633.0,1640.699951171875,1614.0,1638.4000244140625,2202093
2025-05-23,1610.7669677734375,1648.199951171875,1670.800048828125,1622.5,1633.0,1459454
2025-05-26,1635.5902099609375,1673.5999755859375,1675.800048828125,1645.5999755859375,1652.4000244140625,1078813
2025-05-27,1614.5784912109375,1652.0999755859375,1675.5,1641.5,1673.800048828125,2740015
2025-05-28,1619.6605224609375,1657.300048828125,1666.800048828125,1647.0,1664.0,1775441
2025-05-29,1626.8922119140625,1664.699951171875,1675.5,1655.5999755859375,1670.0,2374051
2025-05-30,1599.4305419921875,1636.5999755859375,1664.699951171875,1627.300048828125,1664.699951171875,4408910
2025-06-02,1594.4464111328125,1631.5,1635.199951171875,1605.699951171875,1625.0999755859375,1883100
2025-06-03,1593.3714599609375,1630.4000244140625,1651.699951171875,1617.0,1646.9000244140625,2380133
2025-06-04,1589.1689453125,1626.0999755859375,1644.5999755859375,1622.199951171875,1631.0,1659720
2025-06-05,1595.325927734375,1632.4000244140625,1653.9000244140625,1624.5999755859375,1634.9000244140625,1409322
2025-06-06,1600.5054931640625,1637.699951171875,1639.800048828125,1622.0,1631.199951171875,1261281
2025-06-09,1610.8648681640625,1648.300048828125,1658.0,1639.0,1648.0,1299786
2025-06-10,1630.215087890625,1668.0999755859375,1684.9000244140625,1649.0,1653.300048828125,3055223
2025-06-11,1682.793212890625,1721.9000244140625,1725.4000244140625,1666.0,1676.0,5085821
2025-06-12,1662.5633544921875,1701.199951171875,1726.0,1695.0,1725.0,3607962
2025-06-13,1656.79736328125,1695.300048828125,1711.0,1664.5999755859375,1666.0,1988422
2025-06-16,1683.8681640625,1723.0,1729.4000244140625,1683.4000244140625,1692.0,2116100
2025-06-17,1690.3182373046875,1729.5999755859375,1738.800048828125,1720.0,1728.0,1777245
2025-06-18,1676.9295654296875,1715.9000244140625,1745.0,1710.0,1727.9000244140625,1794428
2025-06-19,1674.9749755859375,1713.9000244140625,1719.699951171875,1697.199951171875,1719.699951171875,2514527
2025-06-20,1700.3843994140625,1739.9000244140625,1742.5999755859375,1709.0999755859375,1713.9000244140625,2719770
2025-06-23,1664.5179443359375,1703.199951171875,1729.800048828125,1699.199951171875,1729.199951171875,2221446
2025-06-24,1653.3768310546875,1691.800048828125,1732.5999755859375,1689.199951171875,1719.9000244140625,3601071
2025-06-25,1678.102294921875,1717.0999755859375,1720.699951171875,1701.0,1702.0,1307518
2025-06-26,1684.9432373046875,1724.0999755859375,1726.9000244140625,1702.699951171875,1710.0,2971055
2025-06-27,1684.1614990234375,1723.300048828125,1752.5,1710.800048828125,1735.0,6478283
2025-06-30,1689.341064453125,1728.5999755859375,1734.800048828125,1713.300048828125,1725.0,1855229
2025-07-01,1679.2750244140625,1718.300048828125,1745.0,1714.0,1728.5999755859375,1639826
2025-07-02,1679.568115234375,1718.5999755859375,1738.5,1711.0,1722.0,2069447
2025-07-03,1673.020263671875,1711.9000244140625,1730.5,1706.5,1716.0,1839063
2025-07-04,1686.702392578125,1725.9000244140625,1729.0,1706.199951171875,1715.0,768500
2025-07-07,1671.554443359375,1710.4000244140625,1725.5,1703.300048828125,1725.5,1366412
2025-07-08,1669.306640625,1708.0999755859375,1718.9000244140625,1687.5,1700.0,2139193
2025-07-09,1635.9810791015625,1674.0,1714.300048828125,1671.0,1710.0,2894808
2025-07-10,1625.9150390625,1663.699951171875,1679.9000244140625,1649.0,1675.0,2740853
2025-07-11,1601.0919189453125,1638.300048828125,1655.5,1630.0,1643.199951171875,2548153
2025-07-14,1583.0120849609375,1619.800048828125,1642.4000244140625,1607.0,1640.0,3334703
2025-07-15,1530.824951171875,1566.4000244140625,1621.4000244140625,1550.0,1590.0,14685607
2025-07-16,1527.3067626953125,1562.800048828125,1574.0,1560.0,1566.4000244140625,5218099
2025-07-17,1508.8358154296875,1543.9000244140625,1566.800048828125,1542.4000244140625,1563.5999755859375,4966082
2025-07-18,1525.4814453125,1548.800048828125,1550.0,1530.0,1544.0,3902458
2025-07-21,1507.3585205078125,1530.4000244140625,1550.699951171875,1526.0,1548.800048828125,3368842
2025-07-22,1497.2135009765625,1520.0999755859375,1539.800048828125,1518.300048828125,1533.0999755859375,3218227
2025-07-23,1506.7674560546875,1529.800048828125,1536.0,1518.0,1524.0999755859375,3471536
2025-07-24,1484.5076904296875,1507.199951171875,1537.9000244140625,1501.5999755859375,1530.0,4654421
2025-07-25,1467.6651611328125,1490.0999755859375,1512.199951171875,1486.5999755859375,1501.0999755859375,2733655
2025-07-28,1444.0264892578125,1466.0999755859375,1494.199951171875,1463.5,1490.0999755859375,4404841
2025-07-29,1450.231689453125,1472.4000244140625,1477.5,1461.0,1466.0999755859375,6223556
2025-07-30,1454.2698974609375,1476.5,1484.300048828125,1468.800048828125,1480.5,1642426
2025-07-31,1445.7994384765625,1467.9000244140625,1482.699951171875,1459.5,1465.0,2306285
2025-08-01,1430.2373046875,1452.0999755859375,1466.9000244140625,1450.0,1465.0,2152783
2025-08-04,1452.2015380859375,1474.4000244140625,1475.4000244140625,1440.5999755859375,1452.0999755859375,2384774
2025-08-05,1460.3765869140625,1482.699951171875,1485.4000244140625,1471.199951171875,1479.9000244140625,2614394
2025-08-06,1441.170166015625,1463.199951171875,1483.699951171875,1456.4000244140625,1480.9000244140625,1735697
2025-08-07,1453.2850341796875,1475.5,1479.199951171875,1451.0,1458.0,1495363
2025-08-08,1453.48193359375,1475.699951171875,1482.199951171875,1459.0,1474.800048828125,2815614
2025-08-11,1465.5968017578125,1488.0,1531.0,1465.5999755859375,1475.0,2374556
2025-08-12,1476.5296630859375,1499.0999755859375,1509.9000244140625,1489.0,1490.0,3422656
2025-08-13,1478.49951171875,1501.0999755859375,1507.5,1489.0,1500.0,2916128
2025-08-14,1467.3697509765625,1489.800048828125,1516.199951171875,1485.800048828125,1501.0,4227538
2025-08-18,1462.64208984375,1485.0,1501.9000244140625,1475.9000244140625,1498.0999755859375,2795155
2025-08-19,1453.8759765625,1476.0999755859375,1482.5999755859375,1469.199951171875,1476.300048828125,2515817
2025-08-20,1473.476318359375,1496.0,1500.300048828125,1458.0,1468.0,10219330
2025-08-21,1471.0140380859375,1493.5,1505.0,1486.0999755859375,1500.0,2157601
2025-08-22,1444.2235107421875,1466.300048828125,1491.5,1464.0,1489.5999755859375,2802805
2025-08-25,1481.5528564453125,1504.199951171875,1509.699951171875,1476.199951171875,1480.0,2764914
2025-08-26,1470.3245849609375,1492.800048828125,1506.5,1485.0,1501.9000244140625,4092265
2025-08-28,1427.971923828125,1449.800048828125,1488.0,1446.0,1488.0,4367902
2025-08-29,1432.896728515625,1454.800048828125,1462.5999755859375,1439.199951171875,1449.800048828125,3404604
2025-09-01,1446.2919921875,1468.4000244140625,1472.5,1446.0,1446.0,2105254
2025-09-02,1443.632568359375,1465.699951171875,1477.4000244140625,1459.699951171875,1469.0,1295198
2025-09-03,1444.0264892578125,1466.0999755859375,1475.0,1452.5999755859375,1475.0,1800307
2025-09-04,1421.56982421875,1443.300048828125,1465.9000244140625,1440.9000244140625,1465.0999755859375,2192155
2025-09-05,1397.6356201171875,1419.0,1452.300048828125,1402.800048828125,1448.0,3895199
2025-09-08,1381.8765869140625,1403.0,1428.5999755859375,1401.0,1423.9000244140625,2929976
2025-09-09,1405.6136474609375,1427.0999755859375,1431.800048828125,1409.0999755859375,1410.199951171875,2906889
2025-09-10,1441.8597412109375,1463.9000244140625,1471.9000244140625,1432.0999755859375,1434.9000244140625,3205017
2025-09-11,1445.6024169921875,1467.699951171875,1470.4000244140625,1458.300048828125,1463.9000244140625,1982922
2025-09-12,1445.10986328125,1467.199951171875,1480.0,1463.0,1475.0,2110883
2025-09-15,1444.4205322265625,1466.5,1468.300048828125,1452.0,1467.199951171875,1725617
2025-09-16,1460.7705078125,1483.0999755859375,1485.199951171875,1461.0999755859375,1463.9000244140625,1724524
2025-09-17,1459.1947021484375,1481.5,1499.0,1475.300048828125,1490.800048828125,2656774
2025-09-18,1471.3095703125,1493.800048828125,1502.9000244140625,1486.0999755859375,1492.5999755859375,2792406
2025-09-19,1445.306884765625,1467.4000244140625,1493.800048828125,1464.0,1493.800048828125,3197957
2025-09-22,1418.2210693359375,1439.9000244140625,1449.199951171875,1415.0,1423.0,4457129
2025-09-23,1408.273193359375,1429.800048828125,1444.199951171875,1420.4000244140625,1444.199951171875,3106480
2025-09-24,1420.5848388671875,1442.300048828125,1444.699951171875,1420.0,1425.0999755859375,2894044
2025-09-25,1402.3634033203125,1423.800048828125,1442.5,1416.0,1440.199951171875,2713246
2025-09-26,1374.29248046875,1395.300048828125,1426.5,1392.0,1420.0,2568054
2025-09-29,1366.511474609375,1387.4000244140625,1402.5999755859375,1383.0,1397.0999755859375,2990852
2025-09-30,1364.2459716796875,1385.0999755859375,1405.0,1381.9000244140625,1392.0999755859375,2782077
2025-10-01,1368.579833984375,1389.5,1396.800048828125,1382.0,1386.0999755859375,2253527
2025-10-03,1372.51953125,1393.5,1399.800048828125,1380.4000244140625,1396.5,2793839
2025-10-06,1396.355224609375,1417.699951171875,1421.0,1390.800048828125,1393.5,1970901
2025-10-07,1411.8189697265625,1433.4000244140625,1441.9000244140625,1417.199951171875,1422.0,1592836
2025-10-08,1431.3206787109375,1453.199951171875,1458.699951171875,1427.199951171875,1433.199951171875,1735807
2025-10-09,1464.119384765625,1486.5,1491.0999755859375,1452.5,1453.199951171875,2681316
2025-10-10,1472.98388671875,1495.5,1498.5,1473.9000244140625,1491.0,2129445
2025-10-13,1472.1959228515625,1494.699951171875,1502.199951171875,1476.5,1490.0,1820492
2025-10-14,1472.885498046875,1495.4000244140625,1535.0,1490.199951171875,1515.4000244140625,5802489
2025-10-15,1473.1807861328125,1495.699951171875,1509.4000244140625,1486.0999755859375,1497.9000244140625,1710696
2025-10-16,1492.1903076171875,1515.0,1519.9000244140625,1498.0,1499.9000244140625,2021043
2025-10-17,1475.5111083984375,1486.199951171875,1501.300048828125,1479.199951171875,1499.0,3210161
2025-10-20,1484.64501953125,1495.4000244140625,1509.9000244140625,1489.0999755859375,1489.9000244140625,2354881
2025-10-21,1475.3126220703125,1486.0,1503.0,1481.0,1502.699951171875,274400
2025-10-23,1512.9400634765625,1523.9000244140625,1547.5,1505.5,1510.0,5011470
2025-10-24,1512.8408203125,1523.800048828125,1532.5999755859375,1516.4000244140625,1525.0,1491451
2025-10-27,1522.470947265625,1533.5,1549.5,1526.800048828125,1531.4000244140625,1394846
2025-10-28,1511.1529541015625,1522.0999755859375,1542.0,1512.0,1535.0,1936466
2025-10-29,1546.099853515625,1557.300048828125,1559.0,1522.0,1530.0,2596355
2025-10-30,1538.65380859375,1549.800048828125,1559.9000244140625,1538.0999755859375,1557.699951171875,2183395
2025-10-31,1530.4134521484375,1541.5,1558.199951171875,1537.5999755859375,1549.800048828125,1723467
2025-11-03,1532.3990478515625,1543.5,1549.699951171875,1528.199951171875,1540.0999755859375,2252136
2025-11-04,1518.1025390625,1529.0999755859375,1541.9000244140625,1525.0,1536.4000244140625,1666863
2025-11-06,1515.4219970703125,1526.4000244140625,1531.9000244140625,1514.300048828125,1529.0999755859375,2474769
2025-11-07,1501.522705078125,1512.4000244140625,1518.800048828125,1490.5,1515.0999755859375,2238714
2025-11-10,1529.420654296875,1540.5,1544.9000244140625,1511.4000244140625,1518.0,1558896
2025-11-11,1558.70849609375,1570.0,1572.5,1541.199951171875,1547.800048828125,2270763
2025-11-12,1582.535888671875,1594.0,1600.0,1573.5,1575.0,2331564
2025-11-13,1587.00341796875,1598.5,1605.0,1580.0,1599.4000244140625,1944022
2025-11-14,1583.1314697265625,1594.5999755859375,1598.0,1574.0999755859375,1590.0,2543918
2025-11-17,1594.8466796875,1606.4000244140625,1607.699951171875,1585.5,1594.0,2000978
2025-11-18,1583.7271728515625,1595.199951171875,1604.0,1590.0999755859375,1604.0,1640123
2025-11-19,1650.6424560546875,1662.5999755859375,1669.5,1588.5999755859375,1595.300048828125,6342672
2025-11-20,1633.566162109375,1645.4000244140625,1668.4000244140625,1642.5999755859375,1662.5999755859375,2724035
2025-11-21,1596.4351806640625,1608.0,1643.5,1606.0,1636.0,2958835
2025-11-24,1598.81787109375,1610.4000244140625,1640.0,1602.9000244140625,1614.300048828125,6392688
2025-11-25,1589.584716796875,1601.0999755859375,1618.9000244140625,1592.5999755859375,1618.300048828125,2285950
2025-11-26,1606.263916015625,1617.9000244140625,1627.5,1601.0999755859375,1601.0999755859375,1243303
2025-11-27,1617.2840576171875,1629.0,1633.199951171875,1614.0,1619.0999755859375,2106176
2025-11-28,1612.5185546875,1624.199951171875,1636.9000244140625,1619.0,1629.0,1841289
2025-12-01,1631.0841064453125,1642.9000244140625,1646.5,1628.0,1630.0,2034350
2025-12-02,1623.7373046875,1635.5,1652.9000244140625,1624.0,1651.0,2326220
2025-12-03,1628.701416015625,1640.5,1654.5999755859375,1628.800048828125,1635.5,2371611
2025-12-04,1642.699951171875,1654.5999755859375,1672.0,1645.0999755859375,1650.0,3935708
2025-12-05,1670.895751953125,1683.0,1691.0,1651.0,1662.699951171875,3391204
2025-12-08,1676.4554443359375,1688.5999755859375,1695.4000244140625,1676.9000244140625,1683.0,2702407
2025-12-09,1645.6783447265625,1657.5999755859375,1687.0,1656.4000244140625,1687.0,2817704
2025-12-10,1654.0179443359375,1666.0,1671.0,1657.0,1663.300048828125,1482249
2025-12-11,1660.3719482421875,1672.4000244140625,1677.4000244140625,1649.0,1667.5,1408684
2025-12-12,1661.1661376953125,1673.199951171875,1677.9000244140625,1660.0,1677.4000244140625,1284337
2025-12-15,1671.8885498046875,1684.0,1688.0,1660.0,1673.199951171875,1689723
2025-12-16,1639.82080078125,1651.699951171875,1682.0,1645.4000244140625,1681.0,1929309
2025-12-17,1643.09716796875,1655.0,1664.5,1646.300048828125,1651.0,1394918
2025-12-18,1649.4510498046875,1661.4000244140625,1673.9000244140625,1651.199951171875,1657.0,1822056
2025-12-19,1630.5877685546875,1642.4000244140625,1681.0,1632.5,1675.0,3487150
2025-12-22,1658.287109375,1670.300048828125,1673.5,1644.0,1651.9000244140625,1339691
2025-12-23,1667.818115234375,1679.9000244140625,1686.9000244140625,1656.199951171875,1675.0999755859375,1614314
2025-12-24,1662.6553955078125,1674.699951171875,1680.0,1665.0999755859375,1676.0,989858
2025-12-26,1648.9547119140625,1660.9000244140625,1676.4000244140625,1650.5,1668.0,921138
2025-12-29,1619.0711669921875,1630.800048828125,1660.800048828125,1625.4000244140625,1659.699951171875,1516288
2025-12-30,1603.583251953125,1615.199951171875,1635.699951171875,1611.0999755859375,1630.800048828125,3323273
2025-12-31,1611.6251220703125,1623.300048828125,1631.699951171875,1616.800048828125,1624.5,1359963
2026-01-01,1622.7445068359375,1634.5,1645.699951171875,1618.4000244140625,1622.9000244140625,773806
2026-01-02,1628.403564453125,1640.199951171875,1643.0,1625.0999755859375,1632.0,950573
2026-01-05,1596.0379638671875,1607.5999755859375,1633.5,1580.0999755859375,1625.0,3245802
2026-01-06,1604.675537109375,1616.300048828125,1626.0,1597.300048828125,1600.300048828125,2112043
2026-01-07,1635.849609375,1647.699951171875,1654.5,1616.699951171875,1620.800048828125,3816569
2026-01-08,1634.8568115234375,1646.699951171875,1660.5999755859375,1635.4000244140625,1653.300048828125,3266398
2026-01-09,1649.4510498046875,1661.4000244140625,1675.0,1647.0999755859375,1647.0999755859375,3281306
2026-01-12,1655.6064453125,1667.5999755859375,1677.199951171875,1641.5,1659.199951171875,4175707
2026-01-13,1653.025146484375,1665.0,1697.5999755859375,1626.0,1685.0,7149266
2026-01-14,1656.5,1668.5,1677.9000244140625,1649.199951171875,1665.0,2470615
2026-01-15,1656.5,1668.5,1668.5,1668.5,1668.5,0
2026-01-16,1698.0,1698.0,1700.9000244140625,1664.800048828125,1670.0,3098089
2026-01-19,1716.800048828125,1716.800048828125,1719.0,1685.0999755859375,1698.0,2087629
2026-01-20,1687.300048828125,1687.300048828125,1720.0,1681.800048828125,1720.0,1739341
2026-01-21,1682.5,1682.5,1694.9000244140625,1668.9000244140625,1687.5999755859375,1728435
2026-01-22,1703.0999755859375,1703.0999755859375,1709.0,1681.5,1690.5999755859375,1853439
2026-01-23,1707.0,1707.0,1721.0,1698.800048828125,1712.699951171875,1874357
2026-01-27,1720.199951171875,1720.199951171875,1725.5,1700.5,1720.0,2671530
2026-01-28,1729.5999755859375,1729.5999755859375,1734.4000244140625,1691.0,1705.0999755859375,2713867
2026-01-29,1721.5999755859375,1721.5999755859375,1725.0,1696.0999755859375,1722.800048828125,2235602
2026-01-30,1695.5999755859375,1695.5999755859375,1713.199951171875,1683.0,1713.199951171875,4448681
2026-02-02,1676.800048828125,1676.800048828125,1688.5,1653.5999755859375,1670.0,1916380
2026-02-03,1695.300048828125,1695.300048828125,1780.0999755859375,1689.0999755859375,1780.0,3200948
2026-02-04,1621.800048828125,1621.800048828125,1645.0,1586.0,1642.0,5834470
2026-02-05,1610.0,1610.0,1631.800048828125,1600.199951171875,1613.699951171875,3184531
2026-02-06,1593.699951171875,1593.699951171875,1612.0,1574.0999755859375,1612.0,3342992
2026-02-09,1602.0,1602.0,1619.9000244140625,1594.4000244140625,1600.4000244140625,1863558
2026-02-10,1573.0999755859375,1573.0999755859375,1602.4000244140625,1567.800048828125,1595.0,3234785
2026-02-11,1551.5999755859375,1551.5999755859375,1578.0999755859375,1546.0999755859375,1574.0,2944646
2026-02-12,1476.0999755859375,1476.0999755859375,1535.0,1469.5,1529.0,5397659
2026-02-13,1455.199951171875,1455.199951171875,1476.800048828125,1396.0,1423.0,7214938
2026-02-16,1461.800048828125,1461.800048828125,1467.0,1446.800048828125,1451.0999755859375,2388700
2026-02-17,1482.5999755859375,1482.5999755859375,1510.699951171875,1458.0,1464.0,2840341
2026-02-18,1467.199951171875,1467.199951171875,1483.199951171875,1443.4000244140625,1483.199951171875,2036245
2026-02-19,1450.4000244140625,1450.4000244140625,1501.800048828125,1443.0,1470.0,2397127
2026-02-20,1436.5,1436.5,1455.0,1431.0,1443.0,2392491
2026-02-23,1426.199951171875,1426.199951171875,1441.5999755859375,1415.5,1438.199951171875,2629763
2026-02-24,1339.199951171875,1339.199951171875,1406.699951171875,1322.5,1402.300048828125,10004684
2026-02-25,1378.199951171875,1378.199951171875,1391.4000244140625,1354.0,1355.0,5703505
2026-02-26,1373.5,1373.5,1405.0,1368.0,1391.0,2329520
2026-02-27,1389.0999755859375,1389.0999755859375,1404.800048828125,1382.0,1398.0,8651443
2026-03-02,1371.0,1371.0,1386.0,1350.0,1351.0,2088938
2026-03-04,1364.0,1364.0,1382.0,1356.0,1356.0,3161598
2026-03-05,1354.0999755859375,1354.0999755859375,1378.199951171875,1332.5,1378.199951171875,2217963
2026-03-06,1356.699951171875,1356.699951171875,1380.800048828125,1354.199951171875,1356.0,1871596
2026-03-09,1358.5999755859375,1358.5999755859375,1372.699951171875,1328.0,1330.0,2256550
2026-03-10,1361.5,1361.5,1364.4000244140625,1345.0,1361.0,1671877
2026-03-11,1350.300048828125,1350.300048828125,1376.0,1346.9000244140625,1367.199951171875,1837000
2026-03-12,1358.0999755859375,1358.0999755859375,1363.4000244140625,1341.0,1350.0,2616965
2026-03-13,1325.4000244140625,1325.4000244140625,1356.699951171875,1321.0,1350.0,2190786
2026-03-16,1328.5999755859375,1328.5999755859375,1337.699951171875,1302.4000244140625,1312.800048828125,3618375
2026-03-17,1321.0999755859375,1321.0999755859375,1328.5999755859375,1297.699951171875,1328.5999755859375,2285672
2026-03-18,1357.199951171875,1357.199951171875,1378.4000244140625,1326.5,1326.5,2564106
2026-03-19,1311.800048828125,1311.800048828125,1354.199951171875,1309.199951171875,1341.4000244140625,1663249
2026-03-20,1333.699951171875,1333.699951171875,1352.5,1328.9000244140625,1334.9000244140625,5050431
2026-03-23,1358.5999755859375,1358.5999755859375,1365.0,1310.0,1314.800048828125,5166409
2026-03-24,1373.300048828125,1373.300048828125,1394.0,1360.0,1380.0,3555664
2026-03-25,1381.300048828125,1381.300048828125,1411.4000244140625,1348.0,1348.0,4167275
2026-03-27,1364.4000244140625,1364.4000244140625,1407.4000244140625,1359.800048828125,1377.0,8956139
2026-03-30,1341.5999755859375,1341.5999755859375,1359.199951171875,1336.199951171875,1350.0,5541018
2026-04-01,1354.4000244140625,1354.4000244140625,1399.699951171875,1349.0,1399.699951171875,2469237
2026-04-02,1402.199951171875,1402.199951171875,1412.800048828125,1341.199951171875,1347.0,6509184
